{"val/ppl":32.7061235923697,"_timestamp":1.7707930187095954e+09,"train/lr":5.000000173725579e-05,"train/loss":3.0047056674957275,"_step":53560,"_wandb":{"runtime":6270},"update_step":53560,"val/loss":3.487562326192856,"_runtime":6270.051630008}